width,height,num_links,has_iframe,has_keyword,text_length,num_images,is_fixed_pos,z_index_high,cross_domain_links,is_ad
313,285,3,0,0,104,1,0,0,0,0
320,50,2,0,0,21,4,0,0,1,1
758,2313,10,0,0,4719,5,0,0,0,0
300,250,2,1,0,10,1,1,0,2,1
1133,88,13,0,0,56,0,0,0,0,0
870,2124,13,0,0,4063,3,0,0,0,0
728,90,2,0,0,23,4,1,1,1,1
970,250,1,1,0,28,3,0,0,1,1
728,90,3,1,1,32,4,0,1,2,1
345,247,1,0,0,86,0,0,0,0,0
317,209,4,0,0,259,0,0,0,0,0
560,315,0,1,0,0,0,0,0,0,0
300,600,1,0,0,11,2,0,0,1,1
560,315,0,1,0,0,0,0,0,0,0
300,250,2,1,1,40,1,1,1,1,1
300,600,3,0,1,38,3,0,1,1,1
728,90,1,0,1,34,2,0,1,1,1
970,250,3,1,0,12,4,0,1,3,1
608,2019,14,0,0,4865,5,0,0,2,0
160,600,3,1,0,19,3,0,1,3,1
711,2571,14,0,0,2505,2,0,0,2,0
160,600,3,0,1,49,4,0,1,3,1
300,250,2,0,1,0,4,0,1,2,1
728,90,2,1,0,28,1,0,0,2,1
160,600,1,1,1,10,1,0,0,1,1
706,2559,2,0,0,4810,3,0,0,0,0
560,315,0,1,0,0,0,0,0,0,0
300,600,1,0,1,35,3,0,0,1,1
300,250,3,0,1,20,4,0,0,1,1
320,50,2,1,0,9,1,0,1,2,1
560,315,0,1,0,0,0,0,0,0,0
728,90,2,1,1,50,1,0,0,1,1
1539,72,15,0,0,45,0,0,0,0,0
300,600,2,1,1,30,1,0,0,2,1
160,600,3,1,1,44,2,0,0,2,1
728,90,3,0,1,22,3,0,1,1,1
160,600,2,0,1,36,1,0,1,2,1
902,149,20,0,0,99,1,0,0,0,0
300,250,3,1,1,16,1,0,0,2,1
838,2549,12,0,0,4436,1,0,0,0,0
300,600,3,0,1,28,2,1,1,2,1
560,315,0,1,0,0,0,0,0,0,0
1591,53,20,0,0,67,1,0,0,0,0
1184,109,8,0,0,89,0,0,0,0,0
320,50,2,1,0,13,3,0,0,2,1
728,90,3,1,1,26,2,0,0,1,1
320,50,1,1,0,16,3,1,0,1,1
1174,126,10,0,0,87,2,1,1,0,0
1041,147,7,0,0,37,2,1,1,0,0
970,250,3,1,0,5,2,1,0,1,1
160,600,1,1,0,18,4,0,0,1,1
320,50,1,1,1,43,1,1,1,1,1
300,600,1,0,1,32,3,0,0,1,1
300,600,3,1,1,42,4,1,1,3,1
349,348,4,0,0,271,1,0,0,0,0
970,250,3,1,1,35,1,0,0,2,1
1829,76,19,0,0,23,2,0,0,0,0
560,315,0,1,0,0,0,0,0,0,0
769,2627,10,0,0,4793,1,0,0,0,0
320,50,2,0,1,32,3,0,1,2,1
728,90,1,1,1,31,3,0,1,1,1
300,250,2,1,1,48,2,0,0,1,1
1901,73,18,0,0,22,2,0,0,0,0
273,352,2,0,0,255,0,0,0,0,0
706,1623,6,0,0,4628,5,0,0,2,0
290,355,1,0,0,203,0,0,0,0,0
308,227,1,0,0,243,0,0,0,0,0
661,2307,13,0,0,1925,4,0,0,2,0
812,1646,14,0,0,2010,3,0,0,2,0
728,90,2,0,1,11,1,0,0,2,1
300,250,3,0,1,29,3,0,1,1,1
160,600,2,0,0,11,3,0,0,1,1
300,600,2,1,1,11,1,0,1,2,1
728,90,2,1,1,18,3,0,0,2,1
1218,66,13,0,0,100,0,1,1,0,0
793,2096,3,0,0,4701,2,0,0,1,0
649,1811,11,0,0,2519,3,0,0,0,0
805,1977,11,0,0,4997,4,0,0,1,0
728,90,2,1,0,4,4,0,0,1,1
728,90,1,1,1,43,4,0,1,1,1
854,709,11,0,0,2724,5,0,0,2,0
1725,90,7,0,0,20,2,0,0,0,0
160,600,3,0,1,23,1,0,0,2,1
1180,61,15,0,0,37,2,1,1,0,0
160,600,3,0,0,20,2,0,0,2,1
750,722,6,0,0,1324,1,0,0,1,0
1629,124,11,0,0,76,0,0,0,0,0
160,600,1,1,0,21,3,1,0,1,1
970,250,3,0,0,44,1,1,1,3,1
320,50,2,0,1,19,3,0,1,2,1
318,203,0,0,0,242,1,0,0,0,0
770,2363,5,0,0,2987,3,0,0,2,0
300,250,2,1,1,22,2,1,0,2,1
714,2223,2,0,0,1217,1,0,0,0,0
320,50,2,0,0,6,4,1,1,1,1
263,364,1,0,0,79,1,0,0,0,0
300,600,3,1,1,46,4,0,1,1,1
728,90,1,1,1,8,4,0,1,1,1
560,315,0,1,0,0,0,0,0,0,0
300,250,2,1,1,10,4,0,0,2,1
320,50,2,0,1,46,1,0,1,2,1
970,250,1,0,1,25,4,0,1,1,1
621,2580,10,0,0,1954,3,0,0,2,0
320,50,3,1,1,0,4,0,1,3,1
1408,147,14,0,0,90,2,0,0,0,0
1607,90,19,0,0,25,0,0,0,0,0
160,600,1,0,1,18,1,1,0,1,1
646,1613,14,0,0,1344,4,0,0,2,0
320,50,1,1,0,44,2,0,0,1,1
744,1395,4,0,0,1478,5,0,0,0,0
1653,71,14,0,0,73,1,1,1,0,0
261,328,4,0,0,56,1,0,0,0,0
1844,107,13,0,0,64,2,1,1,0,0
300,250,1,0,1,24,3,0,0,1,1
320,50,3,1,1,14,1,1,0,1,1
1772,148,19,0,0,29,1,0,0,0,0
273,252,5,0,0,165,0,0,0,0,0
1109,92,14,0,0,62,0,1,1,0,0
560,315,0,1,0,0,0,0,0,0,0
320,50,2,1,1,24,1,0,1,1,1
320,50,3,0,1,25,1,0,0,2,1
560,315,0,1,0,0,0,0,0,0,0
727,1304,9,0,0,4913,4,0,0,1,0
741,1128,6,0,0,1843,4,0,0,2,0
970,250,2,1,1,25,1,0,0,1,1
320,50,1,0,1,1,4,0,1,1,1
970,250,2,0,1,16,3,0,0,1,1
728,90,2,1,1,43,4,0,1,1,1
300,600,3,0,0,39,4,0,0,1,1
768,525,15,0,0,1612,5,0,0,2,0
160,600,2,1,1,22,4,0,0,1,1
300,250,3,1,1,29,1,1,0,2,1
860,2533,10,0,0,2470,4,0,0,0,0
1833,103,11,0,0,20,2,0,0,0,0
290,338,5,0,0,156,1,0,0,0,0
691,776,15,0,0,4825,3,0,0,2,0
728,90,2,1,1,41,2,0,0,2,1
300,250,3,1,1,31,1,0,0,1,1
300,600,2,0,0,0,4,0,0,2,1
320,50,3,0,0,33,4,0,0,3,1
970,250,1,1,1,15,2,1,0,1,1
160,600,1,1,1,40,3,0,0,1,1
160,600,3,0,1,11,3,0,1,3,1
560,315,0,1,0,0,0,0,0,0,0
755,901,7,0,0,2075,2,0,0,2,0
294,260,2,0,0,289,1,0,0,0,0
300,600,1,0,1,12,3,0,1,1,1
320,50,2,0,0,9,4,0,0,1,1
560,315,0,1,0,0,0,0,0,0,0
560,315,0,1,0,0,0,0,0,0,0
1555,82,7,0,0,45,1,1,1,0,0
300,600,1,1,1,47,3,1,1,1,1
728,90,2,1,1,0,1,0,1,1,1
1467,67,12,0,1,56,0,0,0,0,0
160,600,2,1,0,49,1,1,1,1,1
300,600,3,1,0,15,1,1,0,1,1
300,250,2,0,0,36,1,0,0,1,1
861,1253,9,0,0,2179,1,0,0,0,0
160,600,2,1,0,44,4,0,1,1,1
636,2208,12,0,0,4091,5,0,0,1,0
560,315,0,1,0,0,0,0,0,0,0
300,250,1,1,1,12,4,1,1,1,1
300,250,3,1,1,3,1,0,0,1,1
560,315,0,1,0,0,0,0,0,0,0
970,250,1,0,1,21,1,0,1,1,1
560,315,0,1,0,0,0,0,0,0,0
851,1033,11,0,0,1687,5,0,0,2,0
728,90,1,1,1,1,4,1,0,1,1
728,90,3,0,1,16,3,0,1,2,1
764,1873,7,0,0,3893,3,0,0,0,0
320,50,1,1,1,13,4,1,0,1,1
290,346,2,0,0,215,0,0,0,0,0
560,315,0,1,0,0,0,0,0,0,0
335,239,1,0,0,168,1,0,0,0,0
300,600,2,1,1,0,4,1,0,2,1
970,250,3,1,1,18,3,1,0,1,1
988,110,11,0,0,48,1,0,0,0,0
664,752,6,0,0,3896,4,0,0,1,0
300,600,1,1,0,11,3,0,0,1,1
642,1191,13,0,0,2856,1,0,0,2,0
560,315,0,1,0,0,0,0,0,0,0
560,315,0,1,0,0,0,0,0,0,0
300,250,3,1,0,31,2,1,1,1,1
728,90,3,1,1,2,2,0,0,1,1
160,600,2,0,1,23,4,1,1,2,1
267,253,3,0,0,195,1,0,0,0,0
320,50,3,0,0,21,1,1,0,3,1
330,380,4,0,0,54,0,0,0,0,0
282,228,4,0,0,266,1,0,0,0,0
320,50,2,1,1,25,2,0,1,1,1
300,600,2,1,1,14,1,0,1,1,1
560,315,0,1,0,0,0,0,0,0,0
300,600,3,1,1,41,4,0,1,2,1
300,250,2,0,1,11,1,0,0,2,1
300,250,3,1,0,11,1,0,1,1,1
300,250,2,0,1,10,1,1,0,2,1
300,250,1,0,1,1,1,1,1,1,1
728,90,2,1,0,1,4,1,0,1,1
320,50,3,1,1,0,2,1,1,2,1
320,50,1,1,0,26,2,1,1,1,1
250,212,0,0,0,191,1,0,0,0,0
560,315,0,1,0,0,0,0,0,0,0
300,600,2,0,0,49,1,0,0,2,1
300,600,2,1,0,0,1,0,0,2,1
327,246,0,0,0,185,1,0,0,0,0
160,600,3,0,1,37,3,0,1,3,1
1026,149,17,0,0,87,0,0,0,0,0
268,316,0,0,0,99,0,0,0,0,0
320,50,1,1,0,2,1,0,1,1,1
829,2533,11,0,0,3607,5,0,0,1,0
304,308,2,0,0,197,1,0,0,0,0
257,275,1,0,0,171,1,0,0,0,0
632,1856,11,0,0,2846,4,0,0,1,0
970,250,1,0,1,23,1,1,0,1,1
560,315,0,1,0,0,0,0,0,0,0
300,600,3,1,1,38,2,0,0,3,1
160,600,1,0,0,20,4,1,0,1,1
970,250,2,1,1,20,4,0,0,2,1
560,315,0,1,0,0,0,0,0,0,0
300,250,2,1,1,48,3,0,0,1,1
1051,82,10,0,0,43,0,1,1,0,0
160,600,2,1,0,20,4,0,1,1,1
560,315,0,1,0,0,0,0,0,0,0
300,600,3,1,1,8,2,0,1,3,1
320,50,2,1,1,9,4,1,1,1,1
262,228,3,0,0,226,1,0,0,0,0
560,315,0,1,0,0,0,0,0,0,0
350,316,4,0,0,51,0,0,0,0,0
728,90,2,1,1,44,2,0,1,2,1
728,90,3,1,1,30,2,0,1,3,1
261,221,1,0,0,268,1,0,0,0,0
970,250,2,0,1,41,1,1,1,2,1
300,600,2,0,1,42,1,0,1,2,1
1382,129,12,0,0,75,0,1,1,0,0
560,315,0,1,0,0,0,0,0,0,0
994,126,10,0,0,45,2,0,0,0,0
313,231,1,0,0,269,0,0,0,0,0
250,250,5,0,0,191,1,0,0,0,0
300,250,1,1,1,33,3,0,0,1,1
300,600,1,1,0,25,2,0,1,1,1
886,2968,12,0,0,2149,3,0,0,2,0
300,600,1,1,1,25,3,1,1,1,1
320,50,3,1,0,35,1,0,0,3,1
320,50,2,1,1,17,3,0,0,2,1
560,315,0,1,0,0,0,0,0,0,0
970,250,2,1,0,10,3,1,0,2,1
300,600,3,1,0,34,2,0,0,3,1
300,600,1,1,0,50,2,0,1,1,1
728,90,2,1,0,14,4,0,0,1,1
684,1861,4,0,0,4887,3,0,0,1,0
160,600,2,0,1,35,4,0,0,1,1
300,600,2,0,1,1,1,0,1,2,1
300,600,3,1,0,40,4,0,1,3,1
300,600,3,1,0,41,4,1,1,1,1
160,600,3,1,1,48,2,1,0,1,1
300,250,2,1,0,31,2,0,0,2,1
728,90,1,1,0,47,2,1,0,1,1
1493,54,7,0,0,55,2,1,1,0,0
348,251,2,0,0,53,0,0,0,0,0
560,315,0,1,0,0,0,0,0,0,0
888,711,2,0,0,4459,4,0,0,2,0
560,315,0,1,0,0,0,0,0,0,0
349,234,2,0,0,68,1,0,0,0,0
970,250,2,0,1,14,2,1,1,1,1
560,315,0,1,0,0,0,0,0,0,0
300,600,1,1,1,9,3,0,0,1,1
320,50,3,0,1,4,2,1,0,1,1
160,600,2,1,1,1,3,1,1,2,1
312,352,0,0,0,228,0,0,0,0,0
560,315,0,1,0,0,0,0,0,0,0
267,217,1,0,0,239,1,0,0,0,0
320,50,3,1,1,43,4,0,0,2,1
1020,137,6,0,0,75,2,1,1,0,0
970,250,1,1,1,10,3,0,1,1,1
728,90,3,1,1,49,3,0,0,1,1
836,1907,4,0,0,2451,2,0,0,1,0
728,90,1,0,0,4,4,0,0,1,1
300,250,2,1,1,7,2,0,0,1,1
300,250,3,1,1,46,2,0,0,2,1
160,600,1,1,1,25,4,1,0,1,1
320,50,1,1,1,23,1,0,0,1,1
160,600,3,1,1,7,4,0,1,2,1
560,315,0,1,0,0,0,0,0,0,0
728,90,3,1,1,20,1,1,1,2,1
300,250,1,1,1,2,1,0,0,1,1
305,381,3,0,0,74,0,0,0,0,0
317,229,0,0,0,211,0,0,0,0,0
560,315,0,1,0,0,0,0,0,0,0
656,2051,3,0,0,3481,1,0,0,1,0
777,2965,13,0,0,3424,1,0,0,1,0
728,90,2,1,0,34,3,0,0,2,1
728,90,2,1,1,29,3,1,0,2,1
300,600,1,1,0,21,2,0,0,1,1
316,221,5,0,0,211,1,0,0,0,0
300,250,2,0,0,30,4,0,1,1,1
160,600,3,1,1,19,4,0,0,3,1
761,1830,2,0,0,1478,5,0,0,1,0
1039,114,18,0,0,41,2,0,0,0,0
560,315,0,1,0,0,0,0,0,0,0
300,250,1,0,1,3,3,0,0,1,1
320,50,2,1,1,10,3,1,0,2,1
728,90,1,0,1,21,2,1,0,1,1
644,1039,10,0,0,1461,2,0,0,0,0
879,81,15,0,0,55,0,0,0,0,0
300,600,2,1,1,22,2,0,0,1,1
970,250,3,1,1,23,1,0,0,1,1
970,250,3,0,1,10,3,0,0,1,1
320,50,2,1,1,13,3,0,0,1,1
560,315,0,1,0,0,0,0,0,0,0
277,338,5,0,0,246,0,0,0,0,0
1863,55,14,0,0,64,0,1,1,0,0
728,90,1,1,1,24,4,0,0,1,1
560,315,0,1,0,0,0,0,0,0,0
728,90,1,0,1,6,1,0,1,1,1
728,90,2,1,0,37,3,0,0,1,1
728,90,3,1,1,24,3,0,0,2,1
1891,61,10,0,0,45,1,0,0,0,0
328,336,1,0,0,246,1,0,0,0,0
300,600,1,1,1,33,1,1,1,1,1
320,50,2,1,0,38,1,0,1,2,1
627,1134,4,0,0,3905,1,0,0,0,0
288,382,3,0,0,228,0,0,0,0,0
160,600,3,0,1,24,1,0,0,2,1
646,2558,15,0,0,1492,2,0,0,2,0
1531,79,11,0,0,45,2,0,0,0,0
970,250,3,1,1,20,3,0,0,3,1
160,600,3,0,1,36,2,0,0,1,1
160,600,3,0,0,12,2,0,1,2,1
970,250,2,0,1,31,4,0,0,2,1
300,250,2,1,1,47,3,0,1,2,1
706,1820,11,0,0,3229,2,0,0,2,0
831,868,9,0,0,2051,4,0,0,0,0
731,1159,11,0,0,1421,5,0,0,1,0
728,90,2,1,0,10,3,0,1,2,1
876,2983,2,0,0,4535,4,0,0,2,0
300,600,1,0,0,26,1,1,0,1,1
320,50,2,1,0,13,3,0,1,1,1
160,600,2,0,1,12,1,1,0,2,1
160,600,3,1,1,43,1,0,0,3,1
320,50,1,1,1,32,3,1,0,1,1
707,2324,10,0,0,1524,2,0,0,1,0
300,600,1,1,1,1,2,0,1,1,1
970,250,2,0,1,11,3,1,0,1,1
970,250,1,0,1,47,3,0,1,1,1
300,600,3,0,1,16,1,0,0,1,1
320,50,2,1,1,10,3,0,0,2,1
970,250,2,0,1,3,1,0,1,2,1
1597,122,5,0,0,87,2,1,1,0,0
667,1138,6,0,0,2415,2,0,0,1,0
300,250,2,0,0,29,2,1,0,2,1
160,600,1,0,1,4,4,1,0,1,1
300,600,2,0,1,16,2,1,0,2,1
320,50,1,1,1,14,2,0,1,1,1
728,90,3,0,1,31,3,1,0,1,1
286,257,4,0,0,90,0,0,0,0,0
300,600,1,0,1,20,1,1,0,1,1
1370,98,10,0,0,55,2,0,0,0,0
160,600,2,1,1,48,1,0,0,2,1
160,600,1,1,0,43,1,0,1,1,1
560,315,0,1,0,0,0,0,0,0,0
300,250,1,0,1,22,4,0,0,1,1
271,263,3,0,0,84,0,0,0,0,0
1893,96,12,0,0,42,0,0,0,0,0
849,1057,15,0,0,4310,3,0,0,2,0
1148,69,14,0,1,34,1,1,1,0,0
1789,56,5,0,0,84,1,1,1,0,0
300,250,1,0,0,33,3,1,0,1,1
1555,100,6,0,0,35,0,1,1,0,0
970,250,2,1,0,12,1,0,0,2,1
1143,102,16,0,0,31,2,0,0,0,0
300,600,1,0,1,38,1,1,0,1,1
970,250,1,0,0,26,4,0,1,1,1
300,600,3,0,1,16,1,1,0,3,1
320,50,3,1,0,3,4,0,0,1,1
728,90,2,1,0,9,2,0,1,1,1
1081,105,6,0,0,38,1,1,1,0,0
160,600,3,0,1,30,1,0,0,3,1
728,90,3,0,1,31,3,1,1,2,1
300,600,3,1,1,31,1,0,1,3,1
970,250,2,0,0,21,3,0,0,1,1
290,381,3,0,0,164,0,0,0,0,0
560,315,0,1,0,0,0,0,0,0,0
836,1084,2,0,0,2340,4,0,0,2,0
970,250,3,0,0,45,1,0,0,2,1
302,295,5,0,0,161,1,0,0,0,0
271,222,4,0,0,112,0,0,0,0,0
863,1927,9,0,0,4507,2,0,0,2,0
560,315,0,1,0,0,0,0,0,0,0
560,315,0,1,0,0,0,0,0,0,0
728,90,2,1,1,37,1,0,0,1,1
334,220,4,0,0,249,0,0,0,0,0
265,367,2,0,0,101,1,0,0,0,0
560,315,0,1,0,0,0,0,0,0,0
300,600,2,1,1,16,1,1,0,2,1
1043,58,6,0,0,70,2,1,1,0,0
320,50,1,0,1,26,2,0,0,1,1
1577,103,17,0,0,91,1,1,1,0,0
842,681,9,0,0,2069,5,0,0,0,0
624,2257,15,0,0,4945,4,0,0,1,0
300,600,2,0,0,42,1,1,0,1,1
970,250,3,1,1,31,3,0,0,3,1
1430,117,15,0,0,82,1,1,1,0,0
1661,131,19,0,0,51,1,0,0,0,0
728,90,1,0,1,10,3,0,1,1,1
1359,115,18,0,0,26,0,0,0,0,0
560,315,0,1,0,0,0,0,0,0,0
1048,132,13,0,0,85,2,0,0,0,0
1414,85,14,0,0,92,2,0,0,0,0
850,2537,2,0,0,3995,2,0,0,0,0
278,304,2,0,0,220,0,0,0,0,0
982,74,13,0,0,35,2,1,1,0,0
300,600,3,0,1,3,1,0,0,1,1
300,600,2,0,1,25,4,0,0,1,1
887,1701,9,0,0,1579,2,0,0,1,0
300,600,1,0,0,26,4,0,1,1,1
1761,142,19,0,0,95,2,1,1,0,0
621,2590,11,0,0,1276,1,0,0,1,0
1704,60,17,0,0,51,2,1,1,0,0
802,795,14,0,0,3728,3,0,0,1,0
342,326,5,0,0,141,0,0,0,0,0
744,2436,2,0,0,2582,2,0,0,0,0
300,250,1,0,1,24,2,0,0,1,1
560,315,0,1,0,0,0,0,0,0,0
867,2067,8,0,0,3311,2,0,0,0,0
560,315,0,1,0,0,0,0,0,0,0
160,600,3,0,1,33,1,0,0,1,1
300,250,2,0,0,25,2,0,1,2,1
300,600,1,0,0,37,3,0,0,1,1
160,600,1,1,1,44,3,1,1,1,1
814,597,6,0,0,1425,4,0,0,0,0
160,600,1,1,1,24,4,0,1,1,1
311,245,5,0,0,178,1,0,0,0,0
320,50,2,1,1,11,2,0,1,1,1
970,250,2,1,1,26,1,1,0,1,1
988,68,17,0,0,28,2,0,0,0,0
560,315,0,1,0,0,0,0,0,0,0
300,600,3,0,0,7,1,0,0,2,1
257,252,5,0,0,50,1,0,0,0,0
560,315,0,1,0,0,0,0,0,0,0
1270,79,16,0,0,35,0,1,1,0,0
728,90,1,1,1,49,1,1,1,1,1
779,1317,4,0,0,4527,3,0,0,1,0
1495,81,6,0,0,66,0,0,0,0,0
784,1472,14,0,0,1371,3,0,0,1,0
160,600,3,0,0,28,4,1,0,3,1
1586,82,18,0,0,90,0,0,0,0,0
1893,83,8,0,0,78,1,0,0,0,0
560,315,0,1,0,0,0,0,0,0,0
320,50,1,1,1,9,4,0,0,1,1
970,250,2,1,1,47,3,1,1,1,1
320,50,1,1,1,50,1,0,1,1,1
286,246,3,0,0,260,1,0,0,0,0
317,202,3,0,0,240,0,0,0,0,0
320,50,3,1,1,41,2,1,0,3,1
936,138,20,0,0,59,1,1,1,0,0
300,600,1,0,0,0,4,1,0,1,1
1585,64,10,0,0,46,0,1,1,0,0
728,90,2,1,0,38,1,1,0,1,1
560,315,0,1,0,0,0,0,0,0,0
300,600,1,1,0,39,1,0,0,1,1
302,223,0,0,0,227,1,0,0,0,0
728,90,3,1,1,18,1,0,1,1,1
268,263,4,0,0,79,0,0,0,0,0
300,600,1,1,1,41,3,0,0,1,1
298,340,0,0,0,91,0,0,0,0,0
767,2088,3,0,0,1842,3,0,0,1,0
300,600,2,0,1,19,1,0,0,2,1
320,50,3,1,1,6,4,0,0,3,1
970,250,1,0,1,9,3,1,1,1,1
858,2187,12,0,0,4321,5,0,0,2,0
1163,56,19,0,0,60,2,0,0,0,0
312,233,5,0,0,292,1,0,0,0,0
728,90,3,0,1,28,1,0,0,3,1
300,250,1,0,1,41,1,0,0,1,1
300,250,1,1,1,37,3,0,0,1,1
320,50,3,0,1,6,1,0,0,2,1
254,270,5,0,0,192,0,0,0,0,0
1641,54,15,0,0,61,2,1,1,0,0
1116,78,5,0,0,90,1,0,0,0,0
560,315,0,1,0,0,0,0,0,0,0
623,1874,4,0,0,4866,2,0,0,2,0
970,250,3,1,0,30,3,0,1,1,1
897,1510,12,0,0,3000,2,0,0,0,0
737,1013,3,0,0,2680,1,0,0,2,0
271,363,4,0,0,106,1,0,0,0,0
301,201,3,0,0,69,1,0,0,0,0
1404,112,20,0,0,56,2,0,0,0,0
320,50,3,1,1,33,4,1,1,3,1
339,360,3,0,0,270,1,0,0,0,0
1496,54,13,0,1,87,2,1,1,0,0
1403,116,11,0,0,89,1,0,0,0,0
300,600,2,0,0,32,2,0,0,1,1
560,315,0,1,0,0,0,0,0,0,0
560,315,0,1,0,0,0,0,0,0,0
560,315,0,1,0,0,0,0,0,0,0
862,2212,11,0,0,4613,1,0,0,1,0
1195,52,18,0,0,90,0,0,0,0,0
728,90,2,0,0,38,3,1,0,1,1
300,600,3,0,1,38,1,0,0,1,1
331,363,2,0,0,63,0,0,0,0,0
300,600,1,1,0,31,4,1,0,1,1
560,315,0,1,0,0,0,0,0,0,0
160,600,1,1,0,2,2,0,1,1,1
320,50,2,0,1,26,1,0,0,2,1
728,90,2,0,1,2,2,0,1,1,1
320,50,2,1,1,11,3,0,0,2,1
320,50,1,0,1,49,2,0,1,1,1
728,90,2,1,0,13,2,0,1,1,1
560,315,0,1,0,0,0,0,0,0,0
560,315,0,1,0,0,0,0,0,0,0
872,1693,11,0,0,4050,2,0,0,0,0
331,361,5,0,0,52,1,0,0,0,0
1381,118,20,0,0,82,1,1,1,0,0
560,315,0,1,0,0,0,0,0,0,0
618,862,4,0,0,3240,4,0,0,2,0
560,315,0,1,0,0,0,0,0,0,0
300,250,1,0,1,36,2,0,0,1,1
560,315,0,1,0,0,0,0,0,0,0
262,330,2,0,0,226,1,0,0,0,0
300,250,3,0,0,26,4,0,0,3,1
649,599,12,0,0,3647,5,0,0,2,0
560,315,0,1,0,0,0,0,0,0,0
970,250,1,0,1,3,3,0,1,1,1
560,315,0,1,0,0,0,0,0,0,0
728,90,2,0,1,5,1,1,1,1,1
785,871,9,0,0,1190,4,0,0,0,0
1896,56,15,0,0,85,2,1,1,0,0
320,50,1,0,1,47,4,0,0,1,1
970,250,1,1,0,1,4,0,1,1,1
300,600,2,1,1,47,4,1,0,1,1
300,250,1,0,1,2,3,0,0,1,1
300,250,1,0,1,32,3,0,1,1,1
320,50,1,1,1,19,2,0,0,1,1
970,250,1,1,1,3,2,0,0,1,1
1293,101,10,0,0,41,0,1,1,0,0
300,600,3,0,0,49,2,0,0,3,1
300,250,3,1,1,23,3,1,0,1,1
320,50,2,0,1,7,1,0,0,1,1
709,2561,6,0,0,4412,5,0,0,2,0
320,50,2,1,0,36,1,0,0,2,1
300,600,2,0,1,2,1,0,0,2,1
970,250,1,0,1,22,4,1,1,1,1
160,600,3,1,1,26,4,0,0,2,1
312,386,0,0,0,288,0,0,0,0,0
560,315,0,1,0,0,0,0,0,0,0
320,50,1,1,1,13,1,0,0,1,1
320,50,2,0,1,8,3,1,0,2,1
970,250,3,0,1,29,2,1,1,3,1
609,2151,15,0,0,2716,3,0,0,1,0
892,2089,11,0,0,2426,2,0,0,0,0
969,121,12,0,0,61,0,0,0,0,0
934,100,16,0,1,48,0,0,0,0,0
639,2852,10,0,0,1776,4,0,0,1,0
300,250,1,1,1,37,1,0,0,1,1
300,250,2,0,1,33,3,0,0,2,1
160,600,1,1,1,24,2,0,0,1,1
300,600,1,0,1,19,2,0,0,1,1
320,50,1,0,1,21,4,0,1,1,1
560,315,0,1,0,0,0,0,0,0,0
560,315,0,1,0,0,0,0,0,0,0
985,54,17,0,0,29,2,1,1,0,0
773,2654,5,0,0,2958,4,0,0,1,0
300,600,2,1,0,26,3,0,1,1,1
970,250,1,1,0,39,2,0,0,1,1
861,2920,5,0,0,2337,2,0,0,0,0
287,327,1,0,0,87,1,0,0,0,0
639,626,8,0,0,1035,1,0,0,1,0
252,368,1,0,0,255,0,0,0,0,0
300,600,2,1,1,49,2,1,0,2,1
970,250,2,1,1,34,3,0,1,2,1
320,50,2,1,1,4,3,0,0,2,1
276,380,5,0,0,278,1,0,0,0,0
725,2828,3,0,0,4053,1,0,0,2,0
560,315,0,1,0,0,0,0,0,0,0
970,250,2,1,0,44,4,0,0,1,1
300,250,2,1,0,47,2,1,0,2,1
300,600,1,1,0,16,1,0,0,1,1
970,250,2,1,1,7,4,1,0,1,1
560,315,0,1,0,0,0,0,0,0,0
1820,64,8,0,0,86,0,1,1,0,0
560,315,0,1,0,0,0,0,0,0,0
343,247,4,0,0,264,0,0,0,0,0
160,600,3,1,1,10,2,1,0,2,1
970,250,2,1,1,7,3,0,1,2,1
300,600,1,1,0,39,1,1,1,1,1
298,274,2,0,0,149,0,0,0,0,0
560,315,0,1,0,0,0,0,0,0,0
1459,129,15,0,0,56,2,0,0,0,0
560,315,0,1,0,0,0,0,0,0,0
160,600,1,1,0,3,1,1,1,1,1
818,2420,10,0,0,2831,2,0,0,1,0
1736,140,8,0,0,88,1,0,0,0,0
1294,72,19,0,0,93,0,0,0,0,0
832,2074,5,0,0,4292,4,0,0,1,0
728,90,2,1,0,39,4,0,0,2,1
728,90,3,1,1,43,2,0,0,3,1
300,250,3,0,1,5,3,0,1,1,1
991,74,6,0,0,45,0,0,0,0,0
728,90,2,1,1,16,4,0,0,1,1
863,2543,2,0,0,1229,4,0,0,2,0
320,50,3,0,0,47,4,0,0,1,1
748,620,6,0,0,2123,4,0,0,2,0
836,1164,5,0,0,2703,1,0,0,0,0
300,600,1,1,1,31,1,1,0,1,1
970,250,1,1,1,43,3,0,0,1,1
300,600,3,0,1,47,3,1,0,3,1
328,235,5,0,0,57,0,0,0,0,0
1370,87,10,0,0,97,1,1,1,0,0
1748,73,17,0,0,20,2,0,0,0,0
1274,78,15,0,0,75,0,1,1,0,0
728,90,1,1,0,42,1,0,1,1,1
728,90,3,1,1,41,2,1,0,1,1
273,230,4,0,0,180,0,0,0,0,0
347,375,2,0,0,214,1,0,0,0,0
970,250,2,1,1,32,4,1,0,2,1
160,600,2,1,1,46,4,0,0,2,1
160,600,1,1,1,49,4,1,0,1,1
160,600,3,0,0,28,1,0,0,3,1
160,600,1,1,1,36,3,1,1,1,1
300,600,2,1,1,48,1,0,0,1,1
320,50,2,0,0,15,2,0,0,2,1
160,600,1,0,1,36,1,1,1,1,1
560,315,0,1,0,0,0,0,0,0,0
560,315,0,1,0,0,0,0,0,0,0
728,90,1,1,1,10,2,0,0,1,1
868,54,13,0,0,79,2,0,0,0,0
300,250,2,1,0,33,3,1,1,1,1
728,90,2,1,1,27,1,0,0,2,1
319,346,4,0,0,267,0,0,0,0,0
560,315,0,1,0,0,0,0,0,0,0
303,298,3,0,0,157,0,0,0,0,0
300,600,2,0,1,36,2,1,0,2,1
342,371,0,0,0,178,1,0,0,0,0
160,600,3,1,0,26,3,0,1,3,1
560,315,0,1,0,0,0,0,0,0,0
160,600,2,1,1,26,4,0,1,2,1
560,315,0,1,0,0,0,0,0,0,0
560,315,0,1,0,0,0,0,0,0,0
1624,71,8,0,0,37,0,1,1,0,0
300,250,2,1,1,24,3,0,0,2,1
702,2701,8,0,0,3247,5,0,0,1,0
728,90,3,1,0,22,1,0,0,2,1
280,205,2,0,0,166,0,0,0,0,0
560,315,0,1,0,0,0,0,0,0,0
970,250,2,0,0,30,2,0,1,2,1
320,50,3,1,1,43,4,0,1,1,1
706,2993,4,0,0,3950,3,0,0,2,0
931,80,11,0,0,58,1,0,0,0,0
857,98,6,0,0,63,0,1,1,0,0
160,600,3,0,1,0,1,0,1,1,1
300,600,2,1,1,15,4,0,0,1,1
308,382,3,0,0,222,1,0,0,0,0
728,90,3,1,1,12,3,0,0,1,1
820,2603,2,0,0,1603,5,0,0,0,0
560,315,0,1,0,0,0,0,0,0,0
160,600,3,1,0,50,4,1,1,1,1
728,90,2,1,1,35,2,0,1,1,1
728,90,1,0,1,40,4,0,0,1,1
320,50,2,0,1,23,3,0,0,1,1
320,50,3,0,1,21,1,1,1,3,1
160,600,3,1,0,7,3,0,0,1,1
323,208,0,0,0,259,0,0,0,0,0
320,50,3,1,0,33,2,1,0,1,1
320,50,1,1,0,6,1,0,0,1,1
759,1568,8,0,0,4178,5,0,0,0,0
1025,116,10,0,0,20,2,0,0,0,0
560,315,0,1,0,0,0,0,0,0,0
683,838,10,0,0,4262,2,0,0,2,0
272,310,3,0,0,164,1,0,0,0,0
300,250,3,0,1,47,1,0,1,3,1
745,2918,6,0,0,2085,2,0,0,1,0
304,255,4,0,0,181,0,0,0,0,0
300,250,3,0,1,21,4,1,0,3,1
893,1854,14,0,0,2338,2,0,0,2,0
160,600,3,1,1,11,2,1,0,1,1
291,225,2,0,0,220,1,0,0,0,0
300,250,3,1,0,44,4,0,0,2,1
728,90,2,0,0,3,1,0,0,2,1
300,600,1,1,0,12,2,0,1,1,1
560,315,0,1,0,0,0,0,0,0,0
560,315,0,1,0,0,0,0,0,0,0
648,607,6,0,0,3021,3,0,0,0,0
560,315,0,1,0,0,0,0,0,0,0
160,600,3,0,1,46,4,1,0,1,1
332,325,2,0,0,255,1,0,0,0,0
300,600,2,1,0,3,4,0,1,2,1
728,90,1,1,1,38,2,1,1,1,1
560,315,0,1,0,0,0,0,0,0,0
871,2923,10,0,0,1527,3,0,0,1,0
970,250,3,1,1,8,4,1,1,1,1
728,90,1,1,0,36,4,0,0,1,1
300,250,2,0,1,38,2,0,0,1,1
970,250,1,0,1,23,4,1,1,1,1
343,325,0,0,0,136,1,0,0,0,0
300,250,2,1,1,37,4,0,0,2,1
1836,108,11,0,0,82,2,0,0,0,0
300,250,3,0,1,4,4,0,0,1,1
653,2469,12,0,0,1931,2,0,0,0,0
970,250,2,0,1,15,1,0,1,2,1
320,50,3,1,0,28,2,0,0,3,1
763,869,2,0,0,4420,2,0,0,0,0
300,600,2,0,1,41,4,0,1,1,1
300,250,3,0,0,41,3,1,1,1,1
894,2126,3,0,0,3935,4,0,0,0,0
937,108,18,0,0,44,0,1,1,0,0
160,600,3,1,1,14,1,0,0,1,1
300,250,2,0,1,49,2,0,1,2,1
970,250,2,1,0,33,4,0,1,2,1
765,1616,4,0,0,4982,1,0,0,2,0
320,50,3,1,1,16,2,0,1,3,1
560,315,0,1,0,0,0,0,0,0,0
320,50,3,1,1,36,4,0,0,2,1
742,2971,12,0,0,3332,3,0,0,2,0
345,263,4,0,0,189,1,0,0,0,0
300,250,3,1,1,38,4,0,0,3,1
300,600,1,0,1,45,2,0,1,1,1
560,315,0,1,0,0,0,0,0,0,0
970,250,2,0,1,20,4,0,0,2,1
300,600,3,1,1,12,4,0,1,2,1
265,294,3,0,0,62,1,0,0,0,0
292,298,1,0,0,222,1,0,0,0,0
160,600,1,0,0,50,2,0,1,1,1
782,1867,3,0,0,3665,2,0,0,0,0
799,2816,4,0,0,1710,4,0,0,2,0
560,315,0,1,0,0,0,0,0,0,0
698,2667,3,0,0,4781,4,0,0,0,0
320,50,3,0,0,37,4,1,0,1,1
300,250,1,1,1,6,1,0,0,1,1
1190,89,14,0,0,41,1,0,0,0,0
1466,91,19,0,0,88,0,1,1,0,0
320,50,3,1,0,22,3,0,0,2,1
1329,134,16,0,0,48,2,1,1,0,0
333,316,1,0,0,274,1,0,0,0,0
642,2713,14,0,0,1407,5,0,0,0,0
320,50,1,1,1,44,2,1,0,1,1
808,2564,14,0,0,4199,5,0,0,0,0
751,901,4,0,0,1917,1,0,0,1,0
160,600,2,1,1,46,4,0,0,1,1
728,90,2,1,1,30,4,0,1,2,1
1477,138,12,0,1,47,2,1,1,0,0
1619,80,19,0,0,57,2,1,1,0,0
300,600,2,0,1,4,1,0,0,1,1
953,98,19,0,0,24,1,1,1,0,0
761,1456,8,0,0,3639,4,0,0,1,0
160,600,1,0,0,23,2,0,1,1,1
320,50,3,0,1,28,3,0,1,2,1
560,315,0,1,0,0,0,0,0,0,0
300,250,3,0,1,38,3,0,1,1,1
781,982,13,0,0,3637,4,0,0,1,0
300,250,3,0,0,31,3,1,1,3,1
1515,56,11,0,1,30,2,0,0,0,0
728,90,1,1,1,20,3,1,1,1,1
300,600,3,0,1,26,4,1,1,3,1
560,315,0,1,0,0,0,0,0,0,0
285,254,4,0,0,133,0,0,0,0,0
314,211,2,0,0,218,1,0,0,0,0
326,256,2,0,0,266,0,0,0,0,0
300,600,1,0,0,9,2,0,1,1,1
300,600,2,1,1,20,2,0,1,2,1
881,71,5,0,0,77,0,1,1,0,0
728,90,1,0,0,24,3,1,0,1,1
1376,147,16,0,0,27,1,0,0,0,0
828,108,17,0,1,50,2,0,0,0,0
257,334,1,0,0,116,1,0,0,0,0
1625,132,7,0,0,69,2,0,0,0,0
264,206,5,0,0,149,1,0,0,0,0
304,322,5,0,0,226,1,0,0,0,0
1894,122,10,0,0,25,2,1,1,0,0
970,250,1,1,1,48,4,1,1,1,1
1035,82,20,0,0,73,2,1,1,0,0
886,1571,3,0,0,4113,4,0,0,2,0
300,250,3,0,0,23,1,1,1,1,1
160,600,3,0,1,11,1,0,1,2,1
286,326,5,0,0,110,1,0,0,0,0
728,90,3,1,0,35,1,1,1,2,1
320,50,2,0,1,43,4,0,0,1,1
320,50,3,1,0,49,1,1,1,1,1
300,250,3,1,1,19,2,0,1,2,1
300,600,2,1,1,13,3,1,0,2,1
320,50,1,1,1,27,1,0,0,1,1
560,315,0,1,0,0,0,0,0,0,0
295,254,2,0,0,61,1,0,0,0,0
1466,57,18,0,0,60,1,0,0,0,0
560,315,0,1,0,0,0,0,0,0,0
970,250,2,0,1,50,2,0,0,1,1
792,2628,6,0,0,3416,3,0,0,2,0
320,50,2,0,1,22,4,0,0,1,1
339,376,2,0,0,249,0,0,0,0,0
710,2726,7,0,0,4300,2,0,0,1,0
752,1536,15,0,0,1664,5,0,0,2,0
970,250,1,1,1,43,2,0,1,1,1
320,50,3,1,1,12,2,0,1,2,1
560,315,0,1,0,0,0,0,0,0,0
300,250,3,1,1,5,4,0,0,1,1
300,600,1,1,1,27,2,0,0,1,1
160,600,2,0,0,34,3,1,0,1,1
728,90,3,1,1,38,3,1,0,1,1
1029,54,9,0,0,33,0,1,1,0,0
300,600,2,1,1,41,4,1,0,1,1
282,347,4,0,0,52,1,0,0,0,0
1555,127,11,0,0,37,2,1,1,0,0
300,250,3,1,1,46,2,0,1,3,1
970,250,2,0,1,43,4,0,0,1,1
560,315,0,1,0,0,0,0,0,0,0
320,50,3,1,0,11,4,0,1,1,1
310,293,2,0,0,227,1,0,0,0,0
560,315,0,1,0,0,0,0,0,0,0
1042,105,6,0,0,79,2,0,0,0,0
300,250,3,1,1,1,2,0,0,2,1
560,315,0,1,0,0,0,0,0,0,0
560,315,0,1,0,0,0,0,0,0,0
266,230,0,0,0,231,1,0,0,0,0
828,137,16,0,0,94,0,1,1,0,0
300,250,3,1,1,41,3,0,0,3,1
160,600,2,1,1,34,1,0,0,2,1
300,250,2,0,1,14,4,0,0,1,1
761,2696,2,0,0,4676,2,0,0,2,0
560,315,0,1,0,0,0,0,0,0,0
560,315,0,1,0,0,0,0,0,0,0
160,600,1,1,0,31,1,1,1,1,1
160,600,2,1,0,50,4,1,0,1,1
1131,67,18,0,0,77,2,0,0,0,0
1596,138,7,0,0,82,0,1,1,0,0
300,250,2,1,1,21,2,1,1,1,1
560,315,0,1,0,0,0,0,0,0,0
560,315,0,1,0,0,0,0,0,0,0
560,315,0,1,0,0,0,0,0,0,0
883,1562,13,0,0,4079,5,0,0,2,0
261,387,1,0,0,116,0,0,0,0,0
1197,59,7,0,0,30,2,0,0,0,0
679,886,2,0,0,3718,5,0,0,0,0
1711,139,20,0,0,30,2,0,0,0,0
253,258,2,0,0,171,1,0,0,0,0
1198,107,10,0,0,50,1,1,1,0,0
334,356,1,0,0,85,0,0,0,0,0
560,315,0,1,0,0,0,0,0,0,0
728,90,3,0,1,9,2,1,1,1,1
308,385,4,0,0,146,1,0,0,0,0
970,250,1,0,1,41,1,0,0,1,1
300,250,3,1,1,43,2,0,1,2,1
320,50,1,1,0,31,1,0,1,1,1
160,600,3,1,1,33,1,1,0,3,1
970,250,1,0,1,39,1,0,0,1,1
1677,53,11,0,0,59,2,1,1,0,0
160,600,3,0,1,17,3,1,0,3,1
160,600,1,1,1,21,4,1,1,1,1
1100,82,20,0,0,63,0,1,1,0,0
970,250,3,1,0,33,4,0,1,2,1
328,303,2,0,0,179,1,0,0,0,0
160,600,3,1,1,29,4,0,1,3,1
560,315,0,1,0,0,0,0,0,0,0
1725,64,12,0,0,35,1,0,0,0,0
160,600,3,1,1,21,2,0,0,1,1
308,371,0,0,0,292,1,0,0,0,0
160,600,3,0,1,36,1,0,0,3,1
746,2114,7,0,0,2966,1,0,0,2,0
1815,83,14,0,0,41,1,1,1,0,0
320,50,3,0,1,7,2,1,0,1,1
1612,113,6,0,1,75,2,0,0,0,0
300,250,1,1,0,18,1,0,0,1,1
560,315,0,1,0,0,0,0,0,0,0
560,315,0,1,0,0,0,0,0,0,0
1222,82,20,0,0,96,1,0,0,0,0
160,600,1,1,1,11,2,1,0,1,1
728,90,2,1,1,10,3,1,1,2,1
810,97,9,0,0,97,1,1,1,0,0
560,315,0,1,0,0,0,0,0,0,0
615,2368,14,0,0,1189,4,0,0,0,0
1082,56,17,0,0,28,1,1,1,0,0
970,250,1,0,1,36,3,0,1,1,1
300,600,1,1,0,13,4,1,0,1,1
300,600,3,0,1,49,1,1,1,3,1
300,250,1,0,1,25,2,0,0,1,1
970,250,2,1,0,27,3,1,0,1,1
803,1837,13,0,0,1812,4,0,0,2,0
300,250,1,1,1,27,3,0,1,1,1
325,320,4,0,0,73,0,0,0,0,0
630,1831,3,0,0,1988,1,0,0,2,0
560,315,0,1,0,0,0,0,0,0,0
1495,68,6,0,0,76,2,1,1,0,0
160,600,3,0,1,5,3,0,1,2,1
970,250,2,1,0,34,1,1,0,2,1
728,90,3,1,0,48,1,1,1,2,1
855,2186,13,0,0,2102,4,0,0,2,0
970,250,2,1,0,10,3,0,1,2,1
160,600,3,0,1,22,1,1,0,1,1
728,90,1,1,0,2,4,1,0,1,1
286,278,0,0,0,246,0,0,0,0,0
285,229,4,0,0,91,0,0,0,0,0
300,600,1,1,1,12,1,0,0,1,1
628,1287,12,0,0,2817,5,0,0,0,0
901,123,12,0,0,56,1,1,1,0,0
560,315,0,1,0,0,0,0,0,0,0
300,600,1,1,0,17,4,0,0,1,1
286,231,3,0,0,234,1,0,0,0,0
637,2189,9,0,0,4844,1,0,0,2,0
728,90,1,1,1,3,4,1,0,1,1
264,345,5,0,0,121,1,0,0,0,0
300,250,3,0,0,25,4,0,0,1,1
728,90,1,0,1,16,1,0,0,1,1
560,315,0,1,0,0,0,0,0,0,0
1466,115,12,0,0,32,1,0,0,0,0
300,250,3,1,1,34,1,1,0,2,1
713,1606,12,0,0,1133,3,0,0,2,0
728,90,2,0,1,11,2,0,0,1,1
823,684,7,0,0,3418,3,0,0,1,0
970,250,1,0,0,19,1,0,1,1,1
715,851,3,0,0,4590,1,0,0,2,0
300,600,2,0,1,5,1,0,1,2,1
308,396,4,0,0,285,0,0,0,0,0
560,315,0,1,0,0,0,0,0,0,0
970,250,1,0,1,22,2,0,1,1,1
783,1001,8,0,0,1583,5,0,0,2,0
300,250,2,1,1,25,4,0,0,2,1
300,600,3,1,0,50,1,0,0,2,1
271,378,3,0,0,119,1,0,0,0,0
319,340,2,0,0,273,1,0,0,0,0
728,90,2,1,1,8,3,0,0,1,1
728,90,2,0,1,45,1,0,0,1,1
728,90,1,1,1,6,4,1,1,1,1
281,208,4,0,0,146,1,0,0,0,0
1552,119,13,0,0,63,2,0,0,0,0
560,315,0,1,0,0,0,0,0,0,0
1518,144,20,0,0,72,2,0,0,0,0
292,276,1,0,0,257,1,0,0,0,0
160,600,1,1,1,9,3,0,0,1,1
560,315,0,1,0,0,0,0,0,0,0
560,315,0,1,0,0,0,0,0,0,0
797,984,10,0,0,4051,3,0,0,0,0
560,315,0,1,0,0,0,0,0,0,0
330,393,1,0,0,236,0,0,0,0,0
728,90,1,1,1,42,4,0,0,1,1
560,315,0,1,0,0,0,0,0,0,0
320,50,2,1,1,37,4,1,0,2,1
290,248,3,0,0,127,0,0,0,0,0
291,395,1,0,0,229,0,0,0,0,0
302,213,4,0,0,265,1,0,0,0,0
880,63,15,0,0,90,0,1,1,0,0
830,592,4,0,0,1674,3,0,0,1,0
300,250,2,0,0,34,2,0,0,1,1
300,250,2,1,1,4,4,0,1,1,1
728,90,2,0,1,31,4,1,1,1,1
263,248,1,0,0,274,1,0,0,0,0
560,315,0,1,0,0,0,0,0,0,0
1282,134,14,0,0,38,0,1,1,0,0
970,250,1,1,0,11,3,0,0,1,1
160,600,2,1,1,35,3,0,1,1,1
316,259,4,0,0,205,1,0,0,0,0
970,250,3,1,1,30,4,0,1,2,1
970,250,3,0,0,9,1,0,1,3,1
300,250,1,1,1,6,4,0,1,1,1
300,250,2,1,1,31,4,0,0,1,1
160,600,1,0,1,17,2,1,0,1,1
970,250,2,1,1,23,4,0,0,1,1
160,600,1,1,1,45,1,1,1,1,1
300,250,1,0,1,44,4,0,0,1,1
318,330,5,0,0,225,1,0,0,0,0
560,315,0,1,0,0,0,0,0,0,0
560,315,0,1,0,0,0,0,0,0,0
160,600,1,1,1,41,3,1,0,1,1
160,600,1,0,1,34,4,0,1,1,1
320,50,1,0,0,21,1,0,0,1,1
300,600,3,1,0,6,4,0,0,1,1
300,600,2,1,1,22,3,0,1,2,1
728,90,3,1,1,14,4,0,1,3,1
320,50,2,1,1,42,4,0,0,2,1
1139,92,19,0,0,34,2,1,1,0,0
560,315,0,1,0,0,0,0,0,0,0
300,600,3,1,1,38,3,1,0,1,1
300,600,2,1,1,18,1,0,1,2,1
728,90,2,1,1,3,2,0,0,2,1
728,90,3,1,0,49,2,1,0,3,1
705,949,11,0,0,4668,1,0,0,2,0
728,90,3,1,0,46,3,1,1,2,1
256,385,3,0,0,113,1,0,0,0,0
728,90,2,0,0,34,2,0,1,1,1
560,315,0,1,0,0,0,0,0,0,0
1886,97,13,0,0,59,2,0,0,0,0
160,600,2,0,1,1,4,1,0,2,1
320,50,2,0,1,41,4,1,0,2,1
347,230,0,0,0,71,0,0,0,0,0
300,600,1,1,0,6,3,0,1,1,1
560,315,0,1,0,0,0,0,0,0,0
869,600,10,0,0,1561,2,0,0,2,0
300,600,2,0,0,15,3,1,1,2,1
321,248,2,0,0,88,0,0,0,0,0
334,315,4,0,0,120,0,0,0,0,0
728,90,1,1,0,37,1,0,0,1,1
344,299,2,0,0,300,0,0,0,0,0
289,397,3,0,0,163,0,0,0,0,0
1777,92,16,0,0,38,0,1,1,0,0
300,250,3,1,1,39,3,0,0,1,1
970,250,2,0,0,10,3,1,0,1,1
160,600,3,1,1,17,3,0,1,1,1
1116,113,11,0,0,84,0,1,1,0,0
300,600,1,1,1,36,2,1,0,1,1
970,250,2,1,1,41,1,0,1,1,1
300,250,2,0,1,9,2,1,1,2,1
300,600,1,1,1,0,4,1,0,1,1
1718,51,6,0,0,50,1,1,1,0,0
160,600,3,1,0,29,1,0,0,1,1
560,315,0,1,0,0,0,0,0,0,0
992,147,7,0,0,80,2,0,0,0,0
300,600,2,1,1,48,1,1,0,1,1
320,50,2,1,0,50,4,0,1,1,1
560,315,0,1,0,0,0,0,0,0,0
728,90,1,1,1,33,1,0,0,1,1
320,50,3,1,1,1,4,1,0,2,1
300,250,2,1,1,41,1,1,0,2,1
1012,72,8,0,0,64,0,1,1,0,0
970,250,2,0,0,37,3,0,0,1,1
560,315,0,1,0,0,0,0,0,0,0
1082,51,18,0,0,76,2,0,0,0,0
300,600,3,0,1,28,4,0,0,3,1
800,1118,9,0,0,3831,3,0,0,2,0
1290,58,15,0,0,96,2,0,0,0,0
160,600,3,0,1,50,2,1,1,3,1
300,250,2,1,1,45,4,0,0,2,1
728,90,1,1,0,41,2,0,0,1,1
840,132,18,0,0,66,2,0,0,0,0
970,250,1,1,1,29,1,0,0,1,1
160,600,2,1,0,45,3,0,1,1,1
160,600,2,0,0,42,2,0,0,1,1
320,50,2,0,1,27,1,0,0,2,1
273,296,3,0,0,281,0,0,0,0,0
335,329,5,0,0,219,0,0,0,0,0
300,600,1,0,1,13,3,1,1,1,1
560,315,0,1,0,0,0,0,0,0,0
830,2583,15,0,0,1052,3,0,0,1,0
320,50,2,1,1,30,2,0,0,1,1
160,600,2,1,1,10,2,1,0,2,1
1782,68,5,0,0,74,0,0,0,0,0
300,250,2,0,0,3,4,0,1,2,1
300,600,3,1,1,10,1,1,0,3,1
160,600,3,1,1,30,4,0,0,2,1
317,347,3,0,0,215,1,0,0,0,0
300,250,3,0,0,31,1,0,0,1,1
560,315,0,1,0,0,0,0,0,0,0
746,1886,6,0,0,2964,2,0,0,2,0
1453,61,12,0,0,95,0,1,1,0,0
1880,79,15,0,0,85,0,1,1,0,0
350,333,3,0,0,188,0,0,0,0,0
300,250,2,1,1,19,2,0,1,2,1
300,250,1,1,1,24,2,0,1,1,1
300,600,3,0,1,14,1,1,0,2,1
300,600,3,0,0,2,3,1,0,1,1
728,90,2,1,1,50,1,0,0,1,1
560,315,0,1,0,0,0,0,0,0,0
626,1620,12,0,0,1447,4,0,0,1,0
160,600,3,1,1,43,1,0,0,3,1
1302,75,19,0,0,62,1,0,0,0,0
560,315,0,1,0,0,0,0,0,0,0
252,307,2,0,0,65,0,0,0,0,0
282,369,1,0,0,272,0,0,0,0,0
300,250,1,1,1,11,1,0,1,1,1
331,212,4,0,0,242,0,0,0,0,0
300,600,1,1,1,31,3,0,1,1,1
300,250,1,0,1,23,4,0,1,1,1
320,50,3,0,1,24,1,0,0,2,1
297,244,2,0,0,168,1,0,0,0,0
728,90,3,0,0,3,2,0,0,1,1
320,50,1,0,0,15,4,0,0,1,1
970,250,2,0,1,30,4,0,0,2,1
291,203,3,0,0,235,0,0,0,0,0
320,50,3,1,1,6,4,1,0,3,1
300,600,3,0,1,30,3,0,0,1,1
634,1259,9,0,0,1653,5,0,0,2,0
311,370,5,0,0,63,1,0,0,0,0
160,600,2,0,1,12,2,1,1,1,1
300,250,2,1,1,34,1,0,1,2,1
728,90,1,1,1,33,2,1,0,1,1
868,1266,3,0,0,2365,2,0,0,1,0
320,50,1,0,0,44,3,1,0,1,1
300,250,2,1,1,5,4,1,0,2,1
270,214,4,0,0,276,0,0,0,0,0
300,600,1,0,1,7,1,0,0,1,1
312,260,0,0,0,201,0,0,0,0,0
970,250,3,1,0,47,4,1,0,1,1
814,2044,8,0,0,3028,3,0,0,2,0
300,600,1,1,1,14,2,0,0,1,1
300,250,1,1,1,15,1,0,1,1,1
560,315,0,1,0,0,0,0,0,0,0
264,278,2,0,0,156,0,0,0,0,0
320,50,2,0,1,23,1,0,1,2,1
970,250,2,0,1,21,1,0,0,2,1
324,235,3,0,0,245,0,0,0,0,0
560,315,0,1,0,0,0,0,0,0,0
728,90,1,0,1,14,4,0,0,1,1
1376,143,16,0,0,75,0,1,1,0,0
319,234,1,0,0,222,1,0,0,0,0
882,1080,6,0,0,2193,3,0,0,0,0
560,315,0,1,0,0,0,0,0,0,0
560,315,0,1,0,0,0,0,0,0,0
320,50,3,0,1,49,2,0,0,2,1
306,376,2,0,0,282,0,0,0,0,0
300,600,2,1,0,8,2,0,0,2,1
160,600,1,0,1,49,3,0,0,1,1
300,250,1,1,1,10,1,0,0,1,1
970,250,3,1,1,30,3,0,1,2,1
560,315,0,1,0,0,0,0,0,0,0
300,600,2,1,1,28,2,1,1,1,1
728,90,3,1,0,28,2,1,0,1,1
1801,128,14,0,0,48,1,1,1,0,0
728,90,3,0,1,17,2,0,1,3,1
300,250,2,0,0,33,2,1,0,1,1
293,204,4,0,0,203,1,0,0,0,0
292,388,5,0,0,57,1,0,0,0,0
970,250,1,0,0,6,3,0,1,1,1
320,50,3,1,1,39,4,0,0,3,1
796,1298,15,0,0,4233,5,0,0,2,0
752,2223,6,0,0,4568,1,0,0,2,0
970,250,3,0,1,32,1,0,0,3,1
1146,146,17,0,0,78,2,1,1,0,0
320,50,2,0,1,3,4,0,1,1,1
300,600,2,0,1,39,1,0,1,1,1
683,2492,9,0,0,1817,3,0,0,1,0
1660,85,5,0,1,79,2,0,0,0,0
560,315,0,1,0,0,0,0,0,0,0
1507,115,15,0,0,78,0,1,1,0,0
721,2617,8,0,0,3036,3,0,0,2,0
300,600,1,1,0,13,3,0,0,1,1
560,315,0,1,0,0,0,0,0,0,0
300,600,3,1,1,1,2,0,1,2,1
300,600,1,0,0,16,3,0,0,1,1
871,1717,12,0,0,1954,4,0,0,0,0
320,50,1,1,1,39,4,1,1,1,1
560,315,0,1,0,0,0,0,0,0,0
970,250,3,0,1,48,4,0,0,3,1
277,382,5,0,0,160,0,0,0,0,0
761,1819,6,0,0,3665,1,0,0,1,0
560,315,0,1,0,0,0,0,0,0,0
560,315,0,1,0,0,0,0,0,0,0
320,50,2,1,1,17,2,0,1,2,1
560,315,0,1,0,0,0,0,0,0,0
1784,58,10,0,0,63,0,1,1,0,0
160,600,3,0,1,0,3,0,0,3,1
560,315,0,1,0,0,0,0,0,0,0
801,722,8,0,0,4474,2,0,0,1,0
320,50,3,1,1,47,1,1,0,1,1
262,236,2,0,0,235,0,0,0,0,0
160,600,2,0,1,49,1,0,0,2,1
266,388,2,0,0,236,0,0,0,0,0
651,2591,11,0,0,1980,2,0,0,1,0
300,250,2,1,1,40,4,0,1,2,1
869,2741,12,0,0,2610,4,0,0,0,0
277,233,0,0,0,254,1,0,0,0,0
970,250,2,1,0,30,4,0,1,1,1
1352,84,18,0,0,32,0,1,1,0,0
300,600,3,1,1,29,1,1,0,3,1
697,1908,8,0,0,1945,4,0,0,2,0
160,600,3,1,1,19,2,1,1,2,1
1898,107,14,0,1,46,2,0,0,0,0
970,250,1,0,1,45,2,0,0,1,1
560,315,0,1,0,0,0,0,0,0,0
560,315,0,1,0,0,0,0,0,0,0
756,694,4,0,0,1932,5,0,0,0,0
1505,98,5,0,0,88,1,0,0,0,0
300,250,1,1,1,28,1,0,0,1,1
560,315,0,1,0,0,0,0,0,0,0
300,250,3,0,0,23,4,0,1,2,1
300,250,3,0,1,45,2,0,0,3,1
785,1059,11,0,0,4762,2,0,0,2,0
560,315,0,1,0,0,0,0,0,0,0
300,250,2,0,1,46,2,1,1,2,1
560,315,0,1,0,0,0,0,0,0,0
1014,78,16,0,0,22,0,0,0,0,0
300,250,2,0,1,19,2,0,1,2,1
560,315,0,1,0,0,0,0,0,0,0
334,348,4,0,0,94,1,0,0,0,0
300,250,1,1,0,11,2,0,1,1,1
864,2400,13,0,0,3617,5,0,0,2,0
320,50,3,1,1,32,4,0,1,1,1
1242,136,19,0,0,51,2,0,0,0,0
892,106,15,0,0,49,1,0,0,0,0
560,315,0,1,0,0,0,0,0,0,0
282,334,3,0,0,71,0,0,0,0,0
300,600,1,0,1,14,4,0,0,1,1
160,600,3,1,1,39,3,0,0,2,1
300,250,3,0,0,41,1,0,1,1,1
160,600,1,1,1,15,3,0,1,1,1
300,229,3,0,0,280,1,0,0,0,0
160,600,2,1,1,18,2,0,0,1,1
609,1526,3,0,0,2000,3,0,0,2,0
560,315,0,1,0,0,0,0,0,0,0
290,321,1,0,0,72,1,0,0,0,0
1280,116,20,0,0,49,0,1,1,0,0
728,90,2,1,1,22,3,0,1,2,1
728,90,1,0,1,47,2,0,0,1,1
160,600,2,1,1,48,1,0,0,2,1
300,600,3,0,1,9,2,0,0,1,1
320,50,3,0,0,34,2,1,0,3,1
1905,119,20,0,0,31,2,1,1,0,0
278,337,5,0,0,185,0,0,0,0,0
286,350,2,0,0,224,1,0,0,0,0
728,90,1,0,0,11,3,1,1,1,1
970,250,3,0,1,17,2,0,0,2,1
728,90,1,1,1,13,1,0,0,1,1
728,90,3,1,1,16,3,0,1,3,1
300,250,2,0,1,3,4,0,1,2,1
300,250,3,0,0,1,1,1,0,1,1
324,359,2,0,0,273,1,0,0,0,0
160,600,1,0,1,46,4,1,1,1,1
728,90,1,0,0,0,3,0,0,1,1
160,600,2,1,1,16,1,0,0,1,1
300,250,2,0,1,15,2,0,1,1,1
300,250,1,1,1,7,4,1,0,1,1
643,2984,3,0,0,2820,3,0,0,2,0
970,250,2,1,0,32,3,1,0,2,1
320,50,2,1,1,14,4,0,1,2,1
250,335,4,0,0,105,1,0,0,0,0
560,315,0,1,0,0,0,0,0,0,0
320,50,2,1,1,34,4,0,1,1,1
1356,134,15,0,0,47,2,0,0,0,0
970,250,3,1,0,43,2,0,0,2,1
780,512,6,0,0,2490,3,0,0,1,0
560,315,0,1,0,0,0,0,0,0,0
560,315,0,1,0,0,0,0,0,0,0
970,250,3,1,1,1,1,0,1,2,1
300,600,2,1,1,11,2,1,0,2,1
814,2693,9,0,0,1651,3,0,0,0,0
560,315,0,1,0,0,0,0,0,0,0
1432,110,14,0,0,97,2,0,0,0,0
300,250,1,0,0,29,4,0,1,1,1
1577,142,18,0,0,67,2,0,0,0,0
560,315,0,1,0,0,0,0,0,0,0
160,600,1,0,1,32,2,0,0,1,1
320,50,1,0,0,1,3,0,1,1,1
259,243,0,0,0,148,1,0,0,0,0
300,600,1,1,1,48,4,0,0,1,1
970,250,2,0,1,24,3,0,1,1,1
560,315,0,1,0,0,0,0,0,0,0
970,250,3,1,1,0,4,0,1,3,1
970,250,1,1,0,16,4,0,0,1,1
300,250,1,1,0,30,2,1,0,1,1
780,2949,8,0,0,3342,1,0,0,1,0
303,309,3,0,0,110,1,0,0,0,0
1626,59,7,0,0,49,0,0,0,0,0
823,2261,14,0,0,3448,5,0,0,1,0
728,90,1,1,0,14,4,0,0,1,1
1245,71,14,0,0,40,0,1,1,0,0
300,600,2,0,1,31,4,0,0,2,1
1184,134,18,0,0,31,2,1,1,0,0
970,250,1,1,1,15,4,1,0,1,1
613,1724,10,0,0,1067,1,0,0,0,0
300,600,1,1,1,11,2,1,1,1,1
728,90,1,1,1,10,2,1,1,1,1
256,267,2,0,0,147,0,0,0,0,0
300,600,1,1,1,19,3,0,0,1,1
728,90,1,1,0,3,4,0,0,1,1
300,600,1,1,1,6,1,0,1,1,1
160,600,3,0,0,39,3,0,0,2,1
160,600,1,1,0,39,1,0,1,1,1
790,2531,9,0,0,4340,1,0,0,2,0
262,204,2,0,0,131,1,0,0,0,0
605,2940,7,0,0,4308,5,0,0,2,0
300,250,2,0,1,32,4,1,0,1,1
857,2939,12,0,0,1375,2,0,0,2,0
300,600,1,1,1,25,2,0,0,1,1
631,524,14,0,0,3096,5,0,0,0,0
300,600,3,0,1,11,2,0,1,2,1
300,250,2,1,1,32,1,1,0,2,1
320,50,2,0,0,18,3,1,0,1,1
970,250,1,1,1,36,1,0,1,1,1
335,201,2,0,0,287,1,0,0,0,0
1919,127,15,0,0,32,2,0,0,0,0
757,2853,14,0,0,1988,3,0,0,1,0
970,250,1,1,1,29,3,0,0,1,1
300,600,2,1,1,43,2,1,1,2,1
970,91,20,0,0,53,1,0,0,0,0
654,2110,4,0,0,4016,5,0,0,2,0
320,50,2,0,0,44,3,0,0,2,1
160,600,3,1,1,20,3,0,0,3,1
300,600,1,0,0,9,4,0,0,1,1
160,600,2,0,1,30,3,0,1,2,1
160,600,3,1,0,3,4,0,0,2,1
300,600,2,1,0,16,2,1,0,1,1
320,50,3,0,1,10,4,1,1,3,1
320,50,1,1,0,50,4,1,0,1,1
560,315,0,1,0,0,0,0,0,0,0
300,600,1,1,1,37,2,1,0,1,1
970,250,3,0,1,27,1,1,0,3,1
300,250,1,1,1,9,4,0,0,1,1
728,90,3,0,1,22,3,0,0,1,1
560,315,0,1,0,0,0,0,0,0,0
1236,145,10,0,0,22,0,0,0,0,0
762,2306,5,0,0,1803,2,0,0,0,0
728,90,3,0,0,1,3,0,0,2,1
348,223,5,0,0,248,1,0,0,0,0
275,290,1,0,0,228,0,0,0,0,0
300,600,3,1,0,23,1,0,1,2,1
300,600,1,1,0,36,3,0,1,1,1
300,250,1,0,1,50,2,0,0,1,1
970,250,3,1,1,32,4,1,0,2,1
757,2014,9,0,0,4955,5,0,0,1,0
348,311,0,0,0,135,1,0,0,0,0
251,339,1,0,0,179,1,0,0,0,0
728,90,3,1,1,36,2,1,0,2,1
291,324,2,0,0,56,1,0,0,0,0
300,250,3,0,1,47,1,1,1,2,1
560,315,0,1,0,0,0,0,0,0,0
728,90,3,0,1,24,3,0,0,3,1
1323,138,12,0,0,51,2,0,0,0,0
300,600,2,1,0,36,1,0,1,1,1
300,600,1,0,1,25,2,0,0,1,1
970,250,3,0,1,44,4,1,1,1,1
1345,88,16,0,0,86,0,1,1,0,0
728,90,3,1,1,38,1,0,0,2,1
300,250,2,1,0,14,3,1,0,2,1
300,250,2,0,1,31,4,0,0,2,1
731,2011,3,0,0,4938,3,0,0,2,0
711,1816,12,0,0,1048,5,0,0,1,0
1645,99,10,0,0,39,2,1,1,0,0
320,50,3,0,1,10,4,0,1,3,1
300,250,1,1,0,22,2,1,0,1,1
300,600,2,0,1,6,1,0,1,2,1
1829,101,9,0,0,75,1,1,1,0,0
300,250,3,1,1,31,2,0,0,1,1
311,362,0,0,0,70,0,0,0,0,0
728,90,1,0,1,39,3,0,1,1,1
300,250,1,1,0,46,2,0,1,1,1
1815,101,20,0,0,88,2,0,0,0,0
1719,109,5,0,0,30,2,0,0,0,0
272,202,4,0,0,249,1,0,0,0,0
300,250,3,1,1,40,4,1,1,1,1
970,250,2,0,0,18,3,0,1,1,1
728,90,3,0,0,37,3,1,0,3,1
1115,67,16,0,0,58,1,0,0,0,0
728,90,1,1,1,30,3,0,1,1,1
1721,63,8,0,0,77,0,0,0,0,0
722,2974,2,0,0,4739,1,0,0,0,0
264,264,0,0,0,126,1,0,0,0,0
296,309,3,0,0,222,0,0,0,0,0
639,861,6,0,0,3020,4,0,0,2,0
652,1491,5,0,0,4358,2,0,0,1,0
314,241,1,0,0,229,1,0,0,0,0
300,250,1,0,1,39,2,1,1,1,1
320,50,3,1,1,23,3,1,1,3,1
970,250,1,1,0,25,4,0,0,1,1
290,280,4,0,0,142,1,0,0,0,0
560,315,0,1,0,0,0,0,0,0,0
728,90,1,1,1,26,4,0,0,1,1
896,2653,15,0,0,4829,5,0,0,0,0
728,90,1,0,0,35,1,0,1,1,1
880,775,6,0,0,1350,4,0,0,1,0
274,311,4,0,0,123,0,0,0,0,0
160,600,1,1,0,9,1,1,1,1,1
728,90,3,0,0,9,2,0,0,2,1
753,1412,13,0,0,1076,5,0,0,1,0
560,315,0,1,0,0,0,0,0,0,0
252,347,2,0,0,272,1,0,0,0,0
334,378,3,0,0,257,0,0,0,0,0
160,600,2,1,1,16,1,0,0,2,1
160,600,3,0,1,8,2,1,1,3,1
320,50,3,1,1,37,1,0,0,2,1
320,50,3,0,0,5,3,0,0,2,1
308,313,3,0,0,233,0,0,0,0,0
325,230,0,0,0,225,1,0,0,0,0
670,2261,14,0,0,2260,1,0,0,1,0
320,50,3,1,1,2,2,0,0,3,1
728,90,2,1,1,11,3,0,1,1,1
337,343,1,0,0,50,1,0,0,0,0
320,50,1,0,0,29,3,0,0,1,1
300,250,2,1,1,31,3,1,0,2,1
320,50,2,1,0,50,4,1,0,2,1
560,315,0,1,0,0,0,0,0,0,0
870,60,17,0,0,23,1,1,1,0,0
272,205,3,0,0,66,0,0,0,0,0
699,1807,5,0,0,3445,1,0,0,0,0
320,50,3,0,0,32,1,0,1,3,1
676,596,6,0,0,3788,1,0,0,0,0
272,349,1,0,0,125,0,0,0,0,0
1095,69,20,0,0,32,0,0,0,0,0
560,315,0,1,0,0,0,0,0,0,0
300,600,1,1,0,43,1,0,0,1,1
320,50,3,1,1,15,2,0,1,2,1
160,600,1,1,1,28,4,0,0,1,1
300,250,1,1,0,35,3,1,0,1,1
970,250,1,1,1,28,3,0,0,1,1
251,252,4,0,0,203,1,0,0,0,0
320,50,2,1,1,37,4,0,0,1,1
560,315,0,1,0,0,0,0,0,0,0
300,600,2,0,1,38,3,1,0,2,1
160,600,2,0,1,22,4,0,0,2,1
716,970,3,0,0,3306,3,0,0,2,0
970,250,2,1,0,49,4,1,0,2,1
560,315,0,1,0,0,0,0,0,0,0
628,2163,14,0,0,2362,2,0,0,2,0
293,230,2,0,0,135,1,0,0,0,0
300,600,1,0,1,7,1,0,0,1,1
160,600,1,1,0,40,4,0,0,1,1
846,2941,4,0,0,2075,5,0,0,1,0
728,90,2,1,1,23,2,0,0,1,1
320,50,1,0,1,0,2,0,1,1,1
331,335,1,0,0,131,0,0,0,0,0
728,90,2,0,1,36,2,0,0,1,1
845,1417,14,0,0,4060,2,0,0,2,0
826,1024,13,0,0,3062,2,0,0,1,0
970,250,1,0,1,15,2,0,0,1,1
560,315,0,1,0,0,0,0,0,0,0
300,600,2,0,0,1,4,1,0,1,1
264,278,3,0,0,57,0,0,0,0,0
560,315,0,1,0,0,0,0,0,0,0
875,1351,6,0,0,2552,3,0,0,1,0
1779,92,6,0,0,37,0,1,1,0,0
852,1820,4,0,0,1945,4,0,0,2,0
320,50,1,0,1,28,4,1,0,1,1
728,90,2,1,0,27,4,1,0,1,1
300,250,2,0,0,47,1,0,0,2,1
560,315,0,1,0,0,0,0,0,0,0
950,143,20,0,0,52,0,1,1,0,0
300,600,1,1,1,4,2,0,0,1,1
615,698,9,0,0,2620,2,0,0,0,0
728,90,2,1,1,37,4,0,1,2,1
1036,140,11,0,0,26,0,0,0,0,0
320,50,2,1,1,3,4,0,1,2,1
300,600,3,0,1,41,4,0,0,2,1
320,50,3,0,1,18,2,0,0,2,1
560,315,0,1,0,0,0,0,0,0,0
300,250,2,0,1,18,1,1,0,1,1
970,250,3,1,1,32,3,1,0,1,1
300,250,2,1,1,49,1,0,0,2,1
320,50,1,0,1,24,4,0,0,1,1
1417,146,6,0,0,50,0,0,0,0,0
680,677,6,0,0,3327,5,0,0,0,0
334,264,2,0,0,115,0,0,0,0,0
300,250,1,1,1,32,2,0,1,1,1
895,1701,9,0,0,1589,1,0,0,1,0
1463,101,16,0,0,34,0,1,1,0,0
560,315,0,1,0,0,0,0,0,0,0
885,117,6,0,0,80,1,1,1,0,0
330,367,3,0,0,268,1,0,0,0,0
560,315,0,1,0,0,0,0,0,0,0
300,250,2,0,1,9,4,0,1,1,1
629,1747,4,0,0,4636,2,0,0,0,0
970,250,3,0,0,26,2,1,1,1,1
1236,55,13,0,0,82,2,1,1,0,0
728,90,1,0,1,35,1,0,1,1,1
674,1988,4,0,0,3846,2,0,0,2,0
729,1377,4,0,0,1253,2,0,0,0,0
1674,72,16,0,0,96,2,0,0,0,0
560,315,0,1,0,0,0,0,0,0,0
300,600,2,0,1,1,2,0,1,1,1
300,600,1,1,0,26,4,0,1,1,1
349,229,5,0,0,218,1,0,0,0,0
639,1708,2,0,0,1786,4,0,0,1,0
714,734,12,0,0,2276,1,0,0,0,0
300,250,2,1,0,23,4,0,1,2,1
336,232,2,0,0,208,1,0,0,0,0
300,250,1,1,1,44,4,1,1,1,1
300,600,3,1,1,16,2,0,0,2,1
728,90,1,0,0,9,3,0,1,1,1
728,90,1,1,1,29,2,0,0,1,1
696,956,4,0,0,3037,5,0,0,2,0
728,90,1,0,1,14,2,1,0,1,1
1191,112,11,0,1,68,1,0,0,0,0
320,50,3,1,0,22,1,0,0,1,1
320,50,3,0,0,28,3,0,1,1,1
683,1924,5,0,0,1061,4,0,0,0,0
970,250,1,1,1,12,3,0,0,1,1
1494,68,7,0,0,33,2,1,1,0,0
728,90,2,0,0,16,1,0,0,2,1
1858,142,16,0,0,46,1,1,1,0,0
970,250,2,0,1,45,1,1,0,2,1
160,600,3,1,1,44,3,1,0,1,1
300,600,2,1,1,48,3,1,1,1,1
160,600,3,0,1,10,2,0,1,1,1
560,315,0,1,0,0,0,0,0,0,0
728,90,1,1,1,47,4,0,1,1,1
320,50,3,0,1,46,4,0,0,3,1
560,315,0,1,0,0,0,0,0,0,0
1604,101,12,0,0,58,1,1,1,0,0
802,543,5,0,0,4902,5,0,0,0,0
300,250,3,0,0,28,2,0,1,3,1
560,315,0,1,0,0,0,0,0,0,0
728,90,1,1,0,28,3,1,0,1,1
320,50,1,0,1,30,2,0,1,1,1
728,90,3,1,1,40,2,0,1,1,1
728,90,3,1,1,18,2,0,1,3,1
160,600,1,0,1,49,1,0,1,1,1
300,600,1,1,1,8,2,0,0,1,1
312,280,1,0,0,298,0,0,0,0,0
560,315,0,1,0,0,0,0,0,0,0
962,141,19,0,0,90,1,0,0,0,0
668,1512,3,0,0,3879,3,0,0,0,0
1664,65,14,0,0,43,2,0,0,0,0
300,250,3,1,0,20,4,0,1,1,1
728,90,2,1,1,20,1,0,0,2,1
299,218,4,0,0,182,0,0,0,0,0
855,1816,7,0,0,1181,2,0,0,0,0
728,90,2,1,1,32,1,1,1,1,1
970,250,2,1,0,41,1,0,0,2,1
160,600,1,0,0,30,3,0,1,1,1
560,315,0,1,0,0,0,0,0,0,0
1398,123,18,0,0,78,1,1,1,0,0
970,250,3,1,0,15,1,0,1,3,1
309,242,3,0,0,53,0,0,0,0,0
560,315,0,1,0,0,0,0,0,0,0
970,250,3,1,1,40,4,1,1,3,1
320,50,1,1,1,6,4,0,1,1,1
632,2140,8,0,0,2963,5,0,0,1,0
